,Province,Hospital,Infection Rate,Median Day of Action,Rate of Action,Rate of Death,Mortality Rate,Internal Parameter 1,Internal Parameter 2,Jump Magnitude,Jump Time,Jump Decay,Duration of Hospitalized Stay,Probability of Detection
0,Connecticut,CHH,1.9537922816581912,-12.859584401378747,0.8473697040859786,0.12046646743718152,0.13144432306154794,0.09200173817719239,0.005759215853610986,0.38390035556476115,124.05197886990797,12.409814023791432,5.664038884302745,0.7346061996895102
0,Connecticut,Hartford,2.0428025158487135,-25.33545956717801,0.6439973640744576,0.9,0.09199653407378759,5.123913490786197e-06,0.32875531703403915,0.2959265368742127,124.71441027901291,41.428374312944435,7.716678895368259,0.17642814331026532
0,Connecticut,Windham,0.4285818232038715,46.904908259549096,0.7864961334153061,0.7149840251893194,0.10695693765916336,0.008463987693093094,4.125508815680118e-05,0.9079945167429215,109.52882890169253,70.730803755245,5.566726758860049,0.8992166664160299
0,Connecticut,HOCC,2.3154295510187555,-37.58541158013438,3.7122630030868295,0.02,0.17812148438356287,2.3959957099249634,1.2576244300834416,0.3082236453809035,97.5758439965186,51.45711085020717,2.029465003523047,0.28759441273140934
0,Connecticut,Backus,0.40911456122830087,77.53773579325374,1.7836578807095065,0.10036875889616455,0.14174121089737282,1.7731454425211381,1.398399372008803,3.3102997433296837,179.1911689346678,65.20183249813041,6.165496974702535,0.13667062677012828
0,Connecticut,Midstate,1.9492505682479748,-68.57777945368682,1.0313480050593389,0.05792164027214062,0.1786607822649493,5.101652035692554,5.262998901111272,0.38933412110881205,129.0656705405931,79.93361076783164,5.189473777140244,0.1742871851373236
0,Connecticut,St.V's,0.12789338186031296,18.41174873659034,0.9747654665319814,0.02050167082239521,0.11609827212934258,1.3026999487836723,1.073645398953229,3.8146694259370424,164.55787496618112,100.19531967916919,3.3084275087983452,0.899996482682484
