,Province,Hospital,Infection Rate,Median Day of Action,Rate of Action,Rate of Death,Mortality Rate,Internal Parameter 1,Internal Parameter 2,Jump Magnitude,Jump Time,Jump Decay,Duration of Hospitalized Stay,Probability of Detection
0,Connecticut,Hartford,1.4999047259818776,-11.157361617301332,2.169640251228554,0.5,0.09537370399449924,0.4191773266332679,0.0003625523310524265,0.31734299447407893,110.32536349605687,64.56064070837958,7.667509327292601,0.49997673694095723
0,Connecticut,Midstate,1.0,0.0,2.0,0.2,0.05,3.0,3.0,0.1,30.0,30.0,10.0,0.2
0,Connecticut,HOCC,0.2883972213982109,59.46507956383291,6.213899993528946,0.08822739735856269,0.07578231637378699,0.004877514742572661,0.04567200506313966,1.9998029832933204,116.75466310146005,60.11538894325385,4.422532703059533,0.4965414663638585
0,Connecticut,Backus,1.4999998459004127,4.129509223088982,1.0000007853045525,0.5,0.13078735840475114,0.0007513438330853522,0.01494269073960031,0.20757037563260505,140.70982819846125,64.60037768968571,6.757721636192529,0.4999999726148507
0,Connecticut,Windham,1.0,0.0,2.0,0.2,0.05,3.0,3.0,0.1,30.0,30.0,10.0,0.2
0,Connecticut,CHH,1.5,52.987997559062094,9.208510737616361,0.08016286951871046,0.13827977909534733,0.024839505521148768,0.00023595700207310947,2.0,125.89541468215766,23.042017320939433,5.122989945721702,0.10284037011808995
0,Connecticut,St.V's,1.4995237670279662,-12.740323725435493,4.080032284015934,0.18759305897789705,0.0965267554125748,2.4409913452568195,0.00022309803743965348,0.40490392791623286,135.0561249531818,99.69781612265699,5.547013530928058,0.4527744880108336
