,Province,Hospital,Infection Rate,Median Day of Action,Rate of Action,Rate of Death,Mortality Rate,Internal Parameter 1,Internal Parameter 2,Jump Magnitude,Jump Time,Jump Decay,Duration of Hospitalized Stay,Probability of Detection
0,Connecticut,CHH,1.4029025509177078,-12.481854616605931,0.6327258053350946,0.06375134439943084,0.18019002253380906,0.09968343263314135,1.2123712265973924e-05,0.44257876443132316,123.95626627771796,16.079543915053087,4.324405549504045,1.1287192013070826
0,Connecticut,Hartford,1.928992689504033,-25.61508802587156,0.7376536733034071,1.0,0.08949650072757494,1.9517318772667021e-07,0.09916026867741036,0.19981958664028548,125.61787543344857,41.36705069833964,8.104728424833551,0.3614181095208091
0,Connecticut,Windham,0.603289202420392,43.97298395957057,0.6586933408879391,1.0,0.10263804328536798,0.002334443599294327,5.475353400095826e-07,0.5556340133026612,106.47997943733094,64.05910930630485,5.5334231219173535,0.7178596239015506
0,Connecticut,HOCC,2.2895886490724733,-38.47849001453128,3.782197212255847,0.02,0.1981758433331994,2.253608460790158,1.14656986188354,0.294319513411499,99.92234144738808,50.2887648830726,1.703574747020293,0.37511477368825613
0,Connecticut,Backus,0.4788281779173949,84.85068827804962,2.4971210329933093,0.08332472489638908,0.14257668738206938,1.181322861614653,1.6324231445886483,4.634419640661558,186.82729345493806,55.42478661955706,6.316851879436055,0.1240889260099773
0,Connecticut,Midstate,1.958162925282297,-69.19832919958509,1.0072009492548095,0.06740865864391334,0.1820534011428695,4.986135455561144,5.083555208399003,0.4048502982725806,130.22586017671455,79.21420845079963,5.224548425350066,0.16870494440039477
0,Connecticut,St.V's,0.16757399383904167,25.25683158263865,0.5747654665319814,0.02,0.11781337146007236,1.1998614993210512,0.6567317473182697,3.1315036713873434,225.31165867429257,140.2734475508369,2.039998257982912,0.7704880480243002
