S,E,I,UR,DHR,DQR,UD,DHD,DQD,R,D,TH,DVR,DVD,DD,DT,continent,country,province
66850928.62345432,1.707773263602654,0.9877910163843568,111.75019010484685,21.79699956587377,23.74691539727997,0.06872028991742898,0.002577010871903587,0.014603061607453649,43098.52127309101,1921.7797028861492,1353.5304294422272,1.04765803223294,0.0006442527179758967,384.3559405772298,9035.536196281513,Europe,France,None
82617973.39964853,1.8818383570690809,1.0894908342797294,123.13509480699568,24.016535221254543,26.166207646486576,0.07569580694468434,0.00283859276042566,0.016085358975745402,47428.91742063433,2106.2991442239504,1491.2588706687504,1.1543915138155845,0.000709648190106415,421.2598288447899,9941.725804458341,Europe,Germany,None
